{
  "training_date": "2025-12-06T22:42:53.096824",
  "training_args": {
    "seq_len": 20,
    "batch_size": 64,
    "epochs": 50,
    "lr": 0.001,
    "hidden_size": 64,
    "num_layers": 1,
    "patience": 5,
    "seed": 42,
    "grad_clip": null,
    "use_scheduler": true
  },
  "models": {
    "ph": {
      "epochs": [
        1,
        2,
        3,
        4,
        5,
        6,
        7,
        8,
        9,
        10,
        11,
        12,
        13,
        14,
        15,
        16,
        17,
        18,
        19,
        20,
        21,
        22,
        23,
        24
      ],
      "train_losses": [
        0.038055005490963086,
        0.005799997830763459,
        0.004789420399723239,
        0.004453336451675926,
        0.004125465921385855,
        0.0040930912173429475,
        0.004077282963229008,
        0.00400817440441031,
        0.003948156618833786,
        0.003991097561083734,
        0.004035094854055492,
        0.003936861051994636,
        0.00395626458530238,
        0.003941455541071711,
        0.003900327754100082,
        0.003891491436124703,
        0.0039198606305557195,
        0.004003530768982944,
        0.0038512346208797858,
        0.0038515676030522732,
        0.0039060192934588576,
        0.003839666758602882,
        0.0038161217616718324,
        0.0038384827145863873
      ],
      "val_losses": [
        0.007281413361910851,
        0.006077964865272084,
        0.0049240428413594925,
        0.005002243579515527,
        0.0043261660067665,
        0.004377393397472559,
        0.0044514578391587544,
        0.004294066381971201,
        0.005192651090422465,
        0.00423807856596766,
        0.004270565523315341,
        0.0050579509998281156,
        0.004234069162198613,
        0.004215916889088769,
        0.0041852409110194255,
        0.00437516113743186,
        0.00418702359010856,
        0.004237739857466471,
        0.004182316603199128,
        0.004206826872823219,
        0.004190720497600494,
        0.004239003241602932,
        0.0044217963417571395,
        0.004211425067736737
      ],
      "best_val_loss": 0.004182316603199128,
      "best_epoch": 19
    },
    "tds": {
      "epochs": [
        1,
        2,
        3,
        4,
        5,
        6,
        7,
        8
      ],
      "train_losses": [
        0.05198178147194815,
        0.03242072948544729,
        0.03248224671563653,
        0.032548413779891906,
        0.03240773710803908,
        0.03242825750322616,
        0.032216152603753274,
        0.03227623541396661
      ],
      "val_losses": [
        0.02923467893513941,
        0.030265024773055507,
        0.029094017260978298,
        0.029515179054391,
        0.029577431539374012,
        0.029450253253021547,
        0.029098884292667913,
        0.029146216809749603
      ],
      "best_val_loss": 0.029094017260978298,
      "best_epoch": 3
    }
  }
}