{
  "training_date": "2025-12-06T22:42:03.735597",
  "data_csv": "data/raw_combined.csv",
  "n_samples_raw": 9800,
  "seed": 42,
  "test_size": 0.2,
  "models": {
    "virtual_sensors": {
      "temp": {
        "rmse": 2.301279435593771,
        "n_train": 7840,
        "n_test": 1960
      },
      "do": {
        "rmse": 0.4629049876802604,
        "n_train": 7840,
        "n_test": 1960
      },
      "turbidity": {
        "rmse": 19.493002306125057,
        "n_train": 7840,
        "n_test": 1960
      }
    },
    "forecasters": {
      "ph": {
        "rmse": 0.13729218398096052,
        "n_train": 7840,
        "n_test": 1960
      },
      "tds": {
        "rmse": 57.6257362708564,
        "n_train": 7840,
        "n_test": 1960
      }
    },
    "anomaly": {
      "anomaly": {
        "n_samples": 9800,
        "contamination": 0.01
      }
    },
    "classifier": {
      "accuracy": 0.6525510204081633,
      "weighted_f1": 0.6476101090980928,
      "n_train": 7840,
      "n_test": 1960,
      "class_distribution": {
        "1": 5295,
        "0": 4499,
        "2": 6
      }
    }
  }
}