{
  "accuracy": 0.8872448979591837,
  "weighted_precision": 0.8914338891695059,
  "weighted_recall": 0.8872448979591837,
  "weighted_f1": 0.8863325152498449,
  "per_class": {
    "Safe": {
      "precision": 0.930929405789741,
      "recall": 0.8148477439430984,
      "f1": 0.869029275808937,
      "support": 4499
    },
    "Stress": {
      "precision": 0.8577527322404371,
      "recall": 0.9486307837582625,
      "f1": 0.9009057483633754,
      "support": 5295
    },
    "Danger": {
      "precision": 1.0,
      "recall": 1.0,
      "f1": 1.0,
      "support": 6
    }
  },
  "confusion_matrix": [
    [
      3666,
      833,
      0
    ],
    [
      272,
      5023,
      0
    ],
    [
      0,
      0,
      6
    ]
  ],
  "class_distribution": {
    "Safe": 4499,
    "Stress": 5295,
    "Danger": 6
  },
  "evaluation_date": "2025-12-06T22:43:06.210153",
  "data_file": "data/cleaned.csv",
  "n_samples": 9800,
  "used_existing_labels": false
}